INSERT INTO `Team` (`TID`, `Country`, `Coach`) VALUES (35, 'pwgitdckfu', 'wljzyhjfer');
INSERT INTO `Team` (`TID`, `Country`, `Coach`) VALUES (38, 'uxxnsahsvb', 'slnaidhkls');
INSERT INTO `Team` (`TID`, `Country`, `Coach`) VALUES (45, 'vsmpzinxyg', 'gcnadneoxs');
INSERT INTO `Team` (`TID`, `Country`, `Coach`) VALUES (174, 'gtjjqtaykr', 'gdftvtclfy');
INSERT INTO `Team` (`TID`, `Country`, `Coach`) VALUES (307, 'muusjkdweo', 'ckomnosgkc');
INSERT INTO `Team` (`TID`, `Country`, `Coach`) VALUES (350, 'jgyqwakzfd', 'kcpapekgqk');
INSERT INTO `Team` (`TID`, `Country`, `Coach`) VALUES (413, 'xjzagndcsk', 'evbqdclely');
INSERT INTO `Team` (`TID`, `Country`, `Coach`) VALUES (460, 'lilyfjcdur', 'xwbxotgxsn');
INSERT INTO `Team` (`TID`, `Country`, `Coach`) VALUES (471, 'gkozkvxdrn', 'kokyvpnyjg');
INSERT INTO `Team` (`TID`, `Country`, `Coach`) VALUES (490, 'kyassvqmey', 'uzxbzrrrbe');
INSERT INTO `Team` (`TID`, `Country`, `Coach`) VALUES (508, 'dekbopaadu', 'alfstuctaw');
INSERT INTO `Team` (`TID`, `Country`, `Coach`) VALUES (561, 'xnyiocycha', 'fartnowwta');
INSERT INTO `Team` (`TID`, `Country`, `Coach`) VALUES (615, 'rxnlvpfxgg', 'fdryhlpdzc');
INSERT INTO `Team` (`TID`, `Country`, `Coach`) VALUES (635, 'uliqinhiqe', 'oxpztqjpgn');
INSERT INTO `Team` (`TID`, `Country`, `Coach`) VALUES (737, 'ejdvqduhxg', 'ncxbfzxced');
INSERT INTO `Team` (`TID`, `Country`, `Coach`) VALUES (778, 'ouuuhskrzu', 'lvkhhgbhvx');
INSERT INTO `Team` (`TID`, `Country`, `Coach`) VALUES (879, 'epwvjmwbvf', 'jpyvgnabyn');
INSERT INTO `Team` (`TID`, `Country`, `Coach`) VALUES (905, 'qmjivhfyxy', 'ofdvmeupyj');
INSERT INTO `Team` (`TID`, `Country`, `Coach`) VALUES (909, 'xjwhgjqcjc', 'jsdnznfblv');
INSERT INTO `Team` (`TID`, `Country`, `Coach`) VALUES (912, 'pdhfvpegzj', 'zsvdmnuigh');

INSERT INTO `Stadium` (`SID`, `Sname`, `Capacity`, `City`) VALUES (148, 'dfybunarwm', 950, 'hmusiqlcyx');
INSERT INTO `Stadium` (`SID`, `Sname`, `Capacity`, `City`) VALUES (191, 'yzdmhccchg', 529, 'uimntzajpw');
INSERT INTO `Stadium` (`SID`, `Sname`, `Capacity`, `City`) VALUES (194, 'hlpuycejvq', 306, 'hxkscjpxfg');
INSERT INTO `Stadium` (`SID`, `Sname`, `Capacity`, `City`) VALUES (266, 'cqkvpgvrgv', 129, 'qbqbcumjms');
INSERT INTO `Stadium` (`SID`, `Sname`, `Capacity`, `City`) VALUES (295, 'heltwhwhta', 532, 'lvxfzklekq');
INSERT INTO `Stadium` (`SID`, `Sname`, `Capacity`, `City`) VALUES (345, 'bcuhpspawg', 504, 'xijgxuwbxk');
INSERT INTO `Stadium` (`SID`, `Sname`, `Capacity`, `City`) VALUES (380, 'hluvprhldo', 266, 'oxcthcyvxe');
INSERT INTO `Stadium` (`SID`, `Sname`, `Capacity`, `City`) VALUES (413, 'zzukfuhakg', 67, 'fhdbftrgih');
INSERT INTO `Stadium` (`SID`, `Sname`, `Capacity`, `City`) VALUES (458, 'fsjbyfrpmf', 556, 'wxxgyaifmc');
INSERT INTO `Stadium` (`SID`, `Sname`, `Capacity`, `City`) VALUES (462, 'jsizwalglm', 844, 'mhzzztmpsk');
INSERT INTO `Stadium` (`SID`, `Sname`, `Capacity`, `City`) VALUES (475, 'uvhsoxrotk', 276, 'fzjdatzqdq');
INSERT INTO `Stadium` (`SID`, `Sname`, `Capacity`, `City`) VALUES (568, 'bhgzfdzdiy', 649, 'sxvgwwgnac');
INSERT INTO `Stadium` (`SID`, `Sname`, `Capacity`, `City`) VALUES (595, 'iyrlhidwvt', 997, 'diqrmaqevg');
INSERT INTO `Stadium` (`SID`, `Sname`, `Capacity`, `City`) VALUES (658, 'jqdgfparat', 612, 'emddftdhbw');
INSERT INTO `Stadium` (`SID`, `Sname`, `Capacity`, `City`) VALUES (694, 'kcwskuwdhf', 282, 'jzqnejmpih');
INSERT INTO `Stadium` (`SID`, `Sname`, `Capacity`, `City`) VALUES (748, 'zlacbowyan', 441, 'yxqlmevsat');
INSERT INTO `Stadium` (`SID`, `Sname`, `Capacity`, `City`) VALUES (751, 'ukfyfazttb', 725, 'bdmakitiis');
INSERT INTO `Stadium` (`SID`, `Sname`, `Capacity`, `City`) VALUES (821, 'kufgcfsqly', 262, 'rgulwputyx');
INSERT INTO `Stadium` (`SID`, `Sname`, `Capacity`, `City`) VALUES (874, 'abtnyrndnz', 113, 'ehweibhshi');
INSERT INTO `Stadium` (`SID`, `Sname`, `Capacity`, `City`) VALUES (913, 'qjesjobrke', 341, 'ytpkkxjmlq');

INSERT INTO `Player` (`PID`, `Pname`, `Position`, `DOB`, `Age`, `TID`) VALUES (9, 'khboagrdro', 'ngqwogvphz', '1981-10-21', 63, 737);
INSERT INTO `Player` (`PID`, `Pname`, `Position`, `DOB`, `Age`, `TID`) VALUES (25, 'olqxglmitm', 'gasowjkwlz', '1999-10-08', 56, 879);
INSERT INTO `Player` (`PID`, `Pname`, `Position`, `DOB`, `Age`, `TID`) VALUES (31, 'zfoydswqzx', 'whlehcnflw', '2007-07-18', 51, 778);
INSERT INTO `Player` (`PID`, `Pname`, `Position`, `DOB`, `Age`, `TID`) VALUES (88, 'ixrxaabzwo', 'mphyeqeedk', '2002-09-02', 10, 307);
INSERT INTO `Player` (`PID`, `Pname`, `Position`, `DOB`, `Age`, `TID`) VALUES (154, 'yiavueladi', 'yqtwuwbseg', '1975-01-25', 68, 35);
INSERT INTO `Player` (`PID`, `Pname`, `Position`, `DOB`, `Age`, `TID`) VALUES (178, 'eadymoknew', 'rcaqtowzwf', '2009-09-10', 78, 490);
INSERT INTO `Player` (`PID`, `Pname`, `Position`, `DOB`, `Age`, `TID`) VALUES (183, 'fyooerqyou', 'krpmlqxszj', '1974-08-17', 58, 561);
INSERT INTO `Player` (`PID`, `Pname`, `Position`, `DOB`, `Age`, `TID`) VALUES (187, 'stqwsfvtwj', 'kolezwnjrg', '2012-08-10', 20, 350);
INSERT INTO `Player` (`PID`, `Pname`, `Position`, `DOB`, `Age`, `TID`) VALUES (232, 'dtniknvpxk', 'kxkawflcgw', '1990-05-13', 81, 615);
INSERT INTO `Player` (`PID`, `Pname`, `Position`, `DOB`, `Age`, `TID`) VALUES (342, 'uhvnllcugq', 'shejmbhqxd', '2004-05-06', 64, 471);
INSERT INTO `Player` (`PID`, `Pname`, `Position`, `DOB`, `Age`, `TID`) VALUES (507, 'arcgtzqioh', 'sszxnpubcb', '1985-09-11', 42, 912);
INSERT INTO `Player` (`PID`, `Pname`, `Position`, `DOB`, `Age`, `TID`) VALUES (590, 'tguddhzhcw', 'lvjyvxhysa', '1971-08-08', 73, 905);
INSERT INTO `Player` (`PID`, `Pname`, `Position`, `DOB`, `Age`, `TID`) VALUES (655, 'mvlprkxxfd', 'gxxuuxscjh', '1989-06-09', 35, 38);
INSERT INTO `Player` (`PID`, `Pname`, `Position`, `DOB`, `Age`, `TID`) VALUES (764, 'rchtvzvefo', 'fpevkwrzlc', '1993-12-01', 11, 45);
INSERT INTO `Player` (`PID`, `Pname`, `Position`, `DOB`, `Age`, `TID`) VALUES (830, 'daxmirktzj', 'eufctxbrie', '1989-10-13', 9, 909);
INSERT INTO `Player` (`PID`, `Pname`, `Position`, `DOB`, `Age`, `TID`) VALUES (841, 'dafuiivyku', 'inqdxcvtez', '1978-08-06', 42, 460);
INSERT INTO `Player` (`PID`, `Pname`, `Position`, `DOB`, `Age`, `TID`) VALUES (886, 'jwpjxncxop', 'wdnvgbapfc', '1977-03-21', 17, 174);
INSERT INTO `Player` (`PID`, `Pname`, `Position`, `DOB`, `Age`, `TID`) VALUES (921, 'qnrqeaskxy', 'dsjdljubho', '2002-12-21', 45, 413);
INSERT INTO `Player` (`PID`, `Pname`, `Position`, `DOB`, `Age`, `TID`) VALUES (930, 'mizgermsec', 'tlnasfksfd', '1981-11-03', 13, 508);
INSERT INTO `Player` (`PID`, `Pname`, `Position`, `DOB`, `Age`, `TID`) VALUES (946, 'wxijvnrewx', 'zaubeoibgt', '2012-03-19', 84, 635);

INSERT INTO `GameMatch` (`MID`, `MDate`, `Winner`, `Home_team_score`, `Away_team_score`, `SID`) VALUES (65, '2019-02-14', 'qyynctxjyh', 6, 71, 748);
INSERT INTO `GameMatch` (`MID`, `MDate`, `Winner`, `Home_team_score`, `Away_team_score`, `SID`) VALUES (81, '1989-12-19', 'zcwzbjkcmt', 69, 34, 595);
INSERT INTO `GameMatch` (`MID`, `MDate`, `Winner`, `Home_team_score`, `Away_team_score`, `SID`) VALUES (92, '1988-06-28', 'sbeldtlxnm', 67, 3, 148);
INSERT INTO `GameMatch` (`MID`, `MDate`, `Winner`, `Home_team_score`, `Away_team_score`, `SID`) VALUES (131, '1989-03-07', 'rrjipiiyfb', 17, 6, 913);
INSERT INTO `GameMatch` (`MID`, `MDate`, `Winner`, `Home_team_score`, `Away_team_score`, `SID`) VALUES (146, '1984-07-26', 'nzlwlenkff', 26, 75, 266);
INSERT INTO `GameMatch` (`MID`, `MDate`, `Winner`, `Home_team_score`, `Away_team_score`, `SID`) VALUES (189, '2014-06-29', 'mftxzhyxdu', 36, 71, 380);
INSERT INTO `GameMatch` (`MID`, `MDate`, `Winner`, `Home_team_score`, `Away_team_score`, `SID`) VALUES (198, '2024-09-13', 'hwfrfaivku', 59, 15, 475);
INSERT INTO `GameMatch` (`MID`, `MDate`, `Winner`, `Home_team_score`, `Away_team_score`, `SID`) VALUES (215, '1991-11-04', 'ptlttkwywe', 22, 45, 658);
INSERT INTO `GameMatch` (`MID`, `MDate`, `Winner`, `Home_team_score`, `Away_team_score`, `SID`) VALUES (333, '2012-12-29', 'kpeqqubhgs', 53, 74, 568);
INSERT INTO `GameMatch` (`MID`, `MDate`, `Winner`, `Home_team_score`, `Away_team_score`, `SID`) VALUES (420, '1979-02-10', 'sihhymxozv', 18, 35, 462);
INSERT INTO `GameMatch` (`MID`, `MDate`, `Winner`, `Home_team_score`, `Away_team_score`, `SID`) VALUES (451, '1990-08-08', 'bjedgkiekx', 34, 90, 194);
INSERT INTO `GameMatch` (`MID`, `MDate`, `Winner`, `Home_team_score`, `Away_team_score`, `SID`) VALUES (574, '1974-04-07', 'ucsavnmylf', 67, 14, 295);
INSERT INTO `GameMatch` (`MID`, `MDate`, `Winner`, `Home_team_score`, `Away_team_score`, `SID`) VALUES (732, '1974-02-14', 'hroywdcgdc', 41, 99, 345);
INSERT INTO `GameMatch` (`MID`, `MDate`, `Winner`, `Home_team_score`, `Away_team_score`, `SID`) VALUES (766, '2023-08-07', 'qpnnzoneqj', 2, 38, 413);
INSERT INTO `GameMatch` (`MID`, `MDate`, `Winner`, `Home_team_score`, `Away_team_score`, `SID`) VALUES (768, '1994-03-11', 'frnymjodxz', 92, 20, 751);
INSERT INTO `GameMatch` (`MID`, `MDate`, `Winner`, `Home_team_score`, `Away_team_score`, `SID`) VALUES (822, '1990-09-10', 'hdywtxosii', 73, 28, 874);
INSERT INTO `GameMatch` (`MID`, `MDate`, `Winner`, `Home_team_score`, `Away_team_score`, `SID`) VALUES (887, '2017-03-16', 'oeqmwpuyyf', 98, 93, 821);
INSERT INTO `GameMatch` (`MID`, `MDate`, `Winner`, `Home_team_score`, `Away_team_score`, `SID`) VALUES (910, '1982-11-02', 'ijdgodpkkl', 67, 81, 458);
INSERT INTO `GameMatch` (`MID`, `MDate`, `Winner`, `Home_team_score`, `Away_team_score`, `SID`) VALUES (939, '1980-11-29', 'hfhwazdpnc', 42, 15, 191);
INSERT INTO `GameMatch` (`MID`, `MDate`, `Winner`, `Home_team_score`, `Away_team_score`, `SID`) VALUES (996, '1996-10-01', 'kwnyuufbjx', 19, 33, 694);

INSERT INTO `Goals` (`PID`, `TID`, `MID`, `Time_of_Goal`) VALUES (9, 35, 65, 5317);
INSERT INTO `Goals` (`PID`, `TID`, `MID`, `Time_of_Goal`) VALUES (25, 38, 81, 8136);
INSERT INTO `Goals` (`PID`, `TID`, `MID`, `Time_of_Goal`) VALUES (31, 45, 92, 8288);
INSERT INTO `Goals` (`PID`, `TID`, `MID`, `Time_of_Goal`) VALUES (88, 174, 131, 1078);
INSERT INTO `Goals` (`PID`, `TID`, `MID`, `Time_of_Goal`) VALUES (154, 307, 146, 6843);
INSERT INTO `Goals` (`PID`, `TID`, `MID`, `Time_of_Goal`) VALUES (178, 350, 189, 5843);
INSERT INTO `Goals` (`PID`, `TID`, `MID`, `Time_of_Goal`) VALUES (183, 413, 198, 8662);
INSERT INTO `Goals` (`PID`, `TID`, `MID`, `Time_of_Goal`) VALUES (187, 460, 215, 1843);
INSERT INTO `Goals` (`PID`, `TID`, `MID`, `Time_of_Goal`) VALUES (232, 471, 333, 5992);
INSERT INTO `Goals` (`PID`, `TID`, `MID`, `Time_of_Goal`) VALUES (342, 490, 420, 9637);
INSERT INTO `Goals` (`PID`, `TID`, `MID`, `Time_of_Goal`) VALUES (507, 508, 451, 9998);
INSERT INTO `Goals` (`PID`, `TID`, `MID`, `Time_of_Goal`) VALUES (590, 561, 574, 2022);
INSERT INTO `Goals` (`PID`, `TID`, `MID`, `Time_of_Goal`) VALUES (655, 615, 732, 7014);
INSERT INTO `Goals` (`PID`, `TID`, `MID`, `Time_of_Goal`) VALUES (764, 635, 766, 1449);
INSERT INTO `Goals` (`PID`, `TID`, `MID`, `Time_of_Goal`) VALUES (830, 737, 768, 8920);
INSERT INTO `Goals` (`PID`, `TID`, `MID`, `Time_of_Goal`) VALUES (841, 778, 822, 5056);
INSERT INTO `Goals` (`PID`, `TID`, `MID`, `Time_of_Goal`) VALUES (886, 879, 887, 1245);
INSERT INTO `Goals` (`PID`, `TID`, `MID`, `Time_of_Goal`) VALUES (921, 905, 910, 6135);
INSERT INTO `Goals` (`PID`, `TID`, `MID`, `Time_of_Goal`) VALUES (930, 909, 939, 4988);
INSERT INTO `Goals` (`PID`, `TID`, `MID`, `Time_of_Goal`) VALUES (946, 912, 996, 4443);

INSERT INTO `team_match` (`MID`, `TID`, `Goal_scored`, `Home_match`) VALUES (65, 35, 580791, 'yes');
INSERT INTO `team_match` (`MID`, `TID`, `Goal_scored`, `Home_match`) VALUES (81, 38, 7557214, 'no');
INSERT INTO `team_match` (`MID`, `TID`, `Goal_scored`, `Home_match`) VALUES (92, 45, 1572221, 'yes');
INSERT INTO `team_match` (`MID`, `TID`, `Goal_scored`, `Home_match`) VALUES (131, 174, 6887829, 'yes');
INSERT INTO `team_match` (`MID`, `TID`, `Goal_scored`, `Home_match`) VALUES (146, 307, 6384996, 'yes');
INSERT INTO `team_match` (`MID`, `TID`, `Goal_scored`, `Home_match`) VALUES (189, 350, 3184663, 'yes');
INSERT INTO `team_match` (`MID`, `TID`, `Goal_scored`, `Home_match`) VALUES (198, 413, 3962413, 'yes');
INSERT INTO `team_match` (`MID`, `TID`, `Goal_scored`, `Home_match`) VALUES (215, 460, 2950202, 'no');
INSERT INTO `team_match` (`MID`, `TID`, `Goal_scored`, `Home_match`) VALUES (333, 471, 2353967, 'no');
INSERT INTO `team_match` (`MID`, `TID`, `Goal_scored`, `Home_match`) VALUES (420, 490, 2722388, 'no');
INSERT INTO `team_match` (`MID`, `TID`, `Goal_scored`, `Home_match`) VALUES (451, 508, 9870920, 'yes');
INSERT INTO `team_match` (`MID`, `TID`, `Goal_scored`, `Home_match`) VALUES (574, 561, 5563223, 'no');
INSERT INTO `team_match` (`MID`, `TID`, `Goal_scored`, `Home_match`) VALUES (732, 615, 982681, 'yes');
INSERT INTO `team_match` (`MID`, `TID`, `Goal_scored`, `Home_match`) VALUES (766, 635, 8653641, 'yes');
INSERT INTO `team_match` (`MID`, `TID`, `Goal_scored`, `Home_match`) VALUES (768, 737, 2712502, 'no');
INSERT INTO `team_match` (`MID`, `TID`, `Goal_scored`, `Home_match`) VALUES (822, 778, 9942013, 'yes');
INSERT INTO `team_match` (`MID`, `TID`, `Goal_scored`, `Home_match`) VALUES (887, 879, 4094735, 'no');
INSERT INTO `team_match` (`MID`, `TID`, `Goal_scored`, `Home_match`) VALUES (910, 905, 3921593, 'yes');
INSERT INTO `team_match` (`MID`, `TID`, `Goal_scored`, `Home_match`) VALUES (939, 909, 6823853, 'no');
INSERT INTO `team_match` (`MID`, `TID`, `Goal_scored`, `Home_match`) VALUES (996, 912, 4788505, 'no');

INSERT INTO `World_Champions` (`WID`, `Year`, `TID`) VALUES (2, 1995, 350);
INSERT INTO `World_Champions` (`WID`, `Year`, `TID`) VALUES (6, 1970, 879);
INSERT INTO `World_Champions` (`WID`, `Year`, `TID`) VALUES (13, 1979, 912);
INSERT INTO `World_Champions` (`WID`, `Year`, `TID`) VALUES (23, 2001, 778);
INSERT INTO `World_Champions` (`WID`, `Year`, `TID`) VALUES (26, 2020, 561);
INSERT INTO `World_Champions` (`WID`, `Year`, `TID`) VALUES (32, 2006, 635);
INSERT INTO `World_Champions` (`WID`, `Year`, `TID`) VALUES (42, 1987, 737);
INSERT INTO `World_Champions` (`WID`, `Year`, `TID`) VALUES (46, 2005, 905);
INSERT INTO `World_Champions` (`WID`, `Year`, `TID`) VALUES (48, 2023, 615);
INSERT INTO `World_Champions` (`WID`, `Year`, `TID`) VALUES (51, 1997, 174);
INSERT INTO `World_Champions` (`WID`, `Year`, `TID`) VALUES (54, 2024, 471);
INSERT INTO `World_Champions` (`WID`, `Year`, `TID`) VALUES (62, 2023, 909);
INSERT INTO `World_Champions` (`WID`, `Year`, `TID`) VALUES (70, 1978, 38);
INSERT INTO `World_Champions` (`WID`, `Year`, `TID`) VALUES (76, 2003, 35);
INSERT INTO `World_Champions` (`WID`, `Year`, `TID`) VALUES (78, 1988, 508);
INSERT INTO `World_Champions` (`WID`, `Year`, `TID`) VALUES (85, 1985, 45);
INSERT INTO `World_Champions` (`WID`, `Year`, `TID`) VALUES (87, 2009, 490);
INSERT INTO `World_Champions` (`WID`, `Year`, `TID`) VALUES (90, 1981, 307);
INSERT INTO `World_Champions` (`WID`, `Year`, `TID`) VALUES (94, 2017, 460);
INSERT INTO `World_Champions` (`WID`, `Year`, `TID`) VALUES (95, 1973, 413);

INSERT INTO `TeamGroup` (`GID`, `Gname`, `Teams`, `Matches`) VALUES (0, 'qyiebexnon', 'aosabdyvfh', 'tnaqaauogg');
INSERT INTO `TeamGroup` (`GID`, `Gname`, `Teams`, `Matches`) VALUES (1, 'vykpgcstic', 'pbyplzurvn', 'nkfotuvsbu');
INSERT INTO `TeamGroup` (`GID`, `Gname`, `Teams`, `Matches`) VALUES (5, 'lexkyqomma', 'wcpzrpulzm', 'jarbjojqbh');
INSERT INTO `TeamGroup` (`GID`, `Gname`, `Teams`, `Matches`) VALUES (7, 'bmjrfhbtcd', 'ubkhpzyfkc', 'ankqdfxqpl');
INSERT INTO `TeamGroup` (`GID`, `Gname`, `Teams`, `Matches`) VALUES (12, 'pbxrjdxxaf', 'kkszhelnsf', 'koqgfzldcf');
INSERT INTO `TeamGroup` (`GID`, `Gname`, `Teams`, `Matches`) VALUES (17, 'fanhrdaqme', 'cktvluhmuh', 'kzvbayirti');
INSERT INTO `TeamGroup` (`GID`, `Gname`, `Teams`, `Matches`) VALUES (30, 'ihcsfsmidv', 'jpjukzslqi', 'ruaompgfnb');
INSERT INTO `TeamGroup` (`GID`, `Gname`, `Teams`, `Matches`) VALUES (34, 'rbfwebactp', 'zwyaazpqaq', 'qziykpttoz');
INSERT INTO `TeamGroup` (`GID`, `Gname`, `Teams`, `Matches`) VALUES (35, 'ejuxvwmvqj', 'xnodhthuin', 'pdmupgiajm');
INSERT INTO `TeamGroup` (`GID`, `Gname`, `Teams`, `Matches`) VALUES (37, 'hfbvfninlp', 'uwsqyzlkha', 'ctqltbwcpo');
INSERT INTO `TeamGroup` (`GID`, `Gname`, `Teams`, `Matches`) VALUES (38, 'czimkslqhd', 'nwfuyfbcqv', 'dgweskombh');
INSERT INTO `TeamGroup` (`GID`, `Gname`, `Teams`, `Matches`) VALUES (41, 'fmxohkrwls', 'knqaibfywl', 'dduabreiow');
INSERT INTO `TeamGroup` (`GID`, `Gname`, `Teams`, `Matches`) VALUES (48, 'feqgyxqueo', 'vugibffypo', 'qwgwixzuqk');
INSERT INTO `TeamGroup` (`GID`, `Gname`, `Teams`, `Matches`) VALUES (57, 'rwkkwfplok', 'muyibmvrlb', 'posszzqvbd');
INSERT INTO `TeamGroup` (`GID`, `Gname`, `Teams`, `Matches`) VALUES (68, 'fzbkdpjjmk', 'pcvtiyjwnj', 'hcryuixkyv');
INSERT INTO `TeamGroup` (`GID`, `Gname`, `Teams`, `Matches`) VALUES (74, 'ccyimxgkrj', 'efxoatesfz', 'vauqwllnhv');
INSERT INTO `TeamGroup` (`GID`, `Gname`, `Teams`, `Matches`) VALUES (75, 'dooikybahs', 'ovebezwrqy', 'ojhshqlvjx');
INSERT INTO `TeamGroup` (`GID`, `Gname`, `Teams`, `Matches`) VALUES (83, 'uajphszhwm', 'kzhtintlli', 'spuysphval');
INSERT INTO `TeamGroup` (`GID`, `Gname`, `Teams`, `Matches`) VALUES (92, 'prvdeyjqmx', 'fovwtjcnvp', 'vhvmxrhsir');
INSERT INTO `TeamGroup` (`GID`, `Gname`, `Teams`, `Matches`) VALUES (94, 'souoowefpd', 'leigofohgb', 'xojcrpbgvl');

INSERT INTO `Team_tournament` (`TID`, `GID`, `Match_played`, `Ranking`, `Round_Eliminated`) VALUES (35, 0, 21, 20, 3);
INSERT INTO `Team_tournament` (`TID`, `GID`, `Match_played`, `Ranking`, `Round_Eliminated`) VALUES (38, 1, 67, 37, 2);
INSERT INTO `Team_tournament` (`TID`, `GID`, `Match_played`, `Ranking`, `Round_Eliminated`) VALUES (45, 5, 84, 48, 0);
INSERT INTO `Team_tournament` (`TID`, `GID`, `Match_played`, `Ranking`, `Round_Eliminated`) VALUES (174, 7, 42, 30, 9);
INSERT INTO `Team_tournament` (`TID`, `GID`, `Match_played`, `Ranking`, `Round_Eliminated`) VALUES (307, 12, 28, 68, 6);
INSERT INTO `Team_tournament` (`TID`, `GID`, `Match_played`, `Ranking`, `Round_Eliminated`) VALUES (350, 17, 45, 30, 0);
INSERT INTO `Team_tournament` (`TID`, `GID`, `Match_played`, `Ranking`, `Round_Eliminated`) VALUES (413, 30, 52, 72, 9);
INSERT INTO `Team_tournament` (`TID`, `GID`, `Match_played`, `Ranking`, `Round_Eliminated`) VALUES (460, 34, 65, 99, 4);
INSERT INTO `Team_tournament` (`TID`, `GID`, `Match_played`, `Ranking`, `Round_Eliminated`) VALUES (471, 35, 38, 4, 1);
INSERT INTO `Team_tournament` (`TID`, `GID`, `Match_played`, `Ranking`, `Round_Eliminated`) VALUES (490, 37, 68, 99, 0);
INSERT INTO `Team_tournament` (`TID`, `GID`, `Match_played`, `Ranking`, `Round_Eliminated`) VALUES (508, 38, 89, 33, 3);
INSERT INTO `Team_tournament` (`TID`, `GID`, `Match_played`, `Ranking`, `Round_Eliminated`) VALUES (561, 41, 26, 39, 3);
INSERT INTO `Team_tournament` (`TID`, `GID`, `Match_played`, `Ranking`, `Round_Eliminated`) VALUES (615, 48, 55, 91, 4);
INSERT INTO `Team_tournament` (`TID`, `GID`, `Match_played`, `Ranking`, `Round_Eliminated`) VALUES (635, 57, 5, 10, 3);
INSERT INTO `Team_tournament` (`TID`, `GID`, `Match_played`, `Ranking`, `Round_Eliminated`) VALUES (737, 68, 1, 62, 8);
INSERT INTO `Team_tournament` (`TID`, `GID`, `Match_played`, `Ranking`, `Round_Eliminated`) VALUES (778, 74, 0, 79, 5);
INSERT INTO `Team_tournament` (`TID`, `GID`, `Match_played`, `Ranking`, `Round_Eliminated`) VALUES (879, 75, 1, 49, 2);
INSERT INTO `Team_tournament` (`TID`, `GID`, `Match_played`, `Ranking`, `Round_Eliminated`) VALUES (905, 83, 38, 98, 1);
INSERT INTO `Team_tournament` (`TID`, `GID`, `Match_played`, `Ranking`, `Round_Eliminated`) VALUES (909, 92, 8, 31, 9);
INSERT INTO `Team_tournament` (`TID`, `GID`, `Match_played`, `Ranking`, `Round_Eliminated`) VALUES (912, 94, 23, 27, 1);